{"accuracy": [0.9587843418121338, 0.9608659744262695, 0.9608659744262695, 0.9587843418121338, 0.9625312089920044, 0.964196503162384, 0.9658617973327637, 0.9666944146156311, 0.9633638858795166, 0.9700250029563904, 0.9596169590950012, 0.9637801647186279, 0.9625312089920044, 0.9633638858795166, 0.961698591709137, 0.9671107530593872, 0.9671107530593872, 0.9621149301528931, 0.9596169590950012, 0.9625312089920044], "loss": [0.13636615872383118, 0.12795378267765045, 0.12259167432785034, 0.1261664479970932, 0.11736229807138443, 0.11780869215726852, 0.10915915668010712, 0.09609521925449371, 0.11932013183832169, 0.09123571962118149, 0.1380392163991928, 0.11787634342908859, 0.10810822993516922, 0.10697970539331436, 0.11725535988807678, 0.10698171705007553, 0.0983971580862999, 0.114830382168293, 0.115565724670887, 0.10690006613731384], "val_accuracy": [0.9583333134651184, 0.9652777910232544, 0.9756944179534912, 0.9583333134651184, 0.96875, 0.9722222089767456, 0.9722222089767456, 0.9652777910232544, 0.9756944179534912, 0.9791666865348816, 0.9722222089767456, 0.9722222089767456, 0.9652777910232544, 0.9618055820465088, 0.9652777910232544, 0.9722222089767456, 0.9722222089767456, 0.9756944179534912, 0.9722222089767456, 0.96875], "val_loss": [0.15160995721817017, 0.12252698838710785, 0.08570602536201477, 0.11298304051160812, 0.10680201649665833, 0.0818718820810318, 0.07682980597019196, 0.09403267502784729, 0.1004176065325737, 0.06623446196317673, 0.10331892222166061, 0.10399676114320755, 0.10242453217506409, 0.09569574892520905, 0.1091090738773346, 0.0840207189321518, 0.08535631000995636, 0.07681752741336823, 0.08220911771059036, 0.08425445854663849]}